Match_ID,Team,Opponent,Bat_Pos,Bat_Name,Runs_Scored,Balls,4s,6s,SR,Out/Not_Out
1879,Pakistan,England,1,Mohammad Rizwan,15,14,0,1,107.14,Out
1879,Pakistan,England,2,Babar Azam,32,28,2,0,114.28,Out
1879,Pakistan,England,3,Mohammad Haris,8,12,1,0,66.66,Out
1879,Pakistan,England,4,Shan Masood,38,28,2,1,135.71,Out
1879,Pakistan,England,5,Iftikhar Ahmed,0,6,0,0,0.0,Out
1879,Pakistan,England,6,Shadab Khan,20,14,2,0,142.85,Out
1879,Pakistan,England,7,Mohammad Nawaz,5,7,0,0,71.42,Out
1879,Pakistan,England,8,Mohammad Wasim,4,8,0,0,50.0,Out
1879,Pakistan,England,9,Shaheen Shah Afridi,5,3,1,0,166.66,Not Out
1879,Pakistan,England,10,Haris Rauf,1,1,0,0,100.0,Not Out
1879,England,Pakistan,1,Jos Buttler,26,17,3,1,152.94,Out
1879,England,Pakistan,2,Alex Hales,1,2,0,0,50.0,Out
1879,England,Pakistan,3,Phil Salt,10,9,2,0,111.11,Out
1879,England,Pakistan,4,Ben Stokes,52,49,5,1,106.12,Not Out
1879,England,Pakistan,5,Harry Brook,20,23,1,0,86.95,Out
1879,England,Pakistan,6,Moeen Ali,19,13,3,0,146.15,Out
1879,England,Pakistan,7,Liam Livingstone,1,1,0,0,100.0,Not Out
1878,India,England,1,KL Rahul,5,5,1,0,100.0,Out
1878,India,England,2,Rohit Sharma,27,28,4,0,96.42,Out
1878,India,England,3,Virat Kohli,50,40,4,1,125.0,Out
1878,India,England,4,Suryakumar Yadav,14,10,1,1,140.0,Out
1878,India,England,5,Hardik Pandya,63,33,4,5,190.9,Out
1878,India,England,6,Rishabh Pant,6,4,1,0,150.0,Out
1878,India,England,7,Ravichandran Ashwin,0,0,0,0,0.0,Not Out
1878,England,India,1,Jos Buttler,80,49,9,3,163.26,Not Out
1878,England,India,2,Alex Hales,86,47,4,7,182.97,Not Out
1877,New Zealand,Pakistan,1,Finn Allen,4,3,1,0,133.33,Out
1877,New Zealand,Pakistan,2,Devon Conway,21,20,3,0,105.0,Out
1877,New Zealand,Pakistan,3,Kane Williamson,46,42,1,1,109.52,Out
1877,New Zealand,Pakistan,4,Glenn Phillips,6,8,1,0,75.0,Out
1877,New Zealand,Pakistan,5,Daryl Mitchell,53,35,3,1,151.42,Not Out
1877,New Zealand,Pakistan,6,James Neesham,16,12,1,0,133.33,Not Out
1877,Pakistan,New Zealand,1,Mohammad Rizwan,57,43,5,0,132.55,Out
1877,Pakistan,New Zealand,2,Babar Azam,53,42,7,0,126.19,Out
1877,Pakistan,New Zealand,3,Mohammad Haris,30,26,2,1,115.38,Out
1877,Pakistan,New Zealand,4,Shan Masood,3,4,0,0,75.0,Not Out
1877,Pakistan,New Zealand,5,Iftikhar Ahmed,0,0,0,0,0.0,Not Out
1873,India,Zimbabwe,1,KL Rahul,51,35,3,3,145.71,Out
1873,India,Zimbabwe,2,Rohit Sharma,15,13,2,0,115.38,Out
1873,India,Zimbabwe,3,Virat Kohli,26,25,2,0,104.0,Out
1873,India,Zimbabwe,4,Suryakumar Yadav,61,25,6,4,244.0,Not Out
1873,India,Zimbabwe,5,Rishabh Pant,3,5,0,0,60.0,Out
1873,India,Zimbabwe,6,Hardik Pandya,18,18,2,0,100.0,Out
1873,India,Zimbabwe,7,Axar Patel,0,0,0,0,0.0,Not Out
1873,Zimbabwe,India,1,Wessly Madhevere,0,1,0,0,0.0,Out
1873,Zimbabwe,India,2,Craig Ervine,13,15,2,0,86.66,Out
1873,Zimbabwe,India,3,Regis Chakabva,0,6,0,0,0.0,Out
1873,Zimbabwe,India,4,Sean Williams,11,18,0,1,61.11,Out
1873,Zimbabwe,India,5,Sikandar Raza,34,24,3,0,141.66,Out
1873,Zimbabwe,India,6,Tony Munyonga,5,4,1,0,125.0,Out
1873,Zimbabwe,India,7,Ryan Burl,35,22,5,1,159.09,Out
1873,Zimbabwe,India,8,Wellington Masakadza,1,7,0,0,14.28,Out
1873,Zimbabwe,India,9,Richard Ngarava,1,2,0,0,50.0,Out
1873,Zimbabwe,India,10,Tendai Chatara,4,4,1,0,100.0,Out
1873,Zimbabwe,India,11,Blessing Muzarabani,0,2,0,0,0.0,Not Out
1872,Bangladesh,Pakistan,1,Najmul Hossain Shanto,54,48,7,0,112.5,Out
1872,Bangladesh,Pakistan,2,Litton Das,10,8,0,1,125.0,Out
1872,Bangladesh,Pakistan,3,Soumya Sarkar,20,17,1,1,117.64,Out
1872,Bangladesh,Pakistan,4,Shakib Al Hasan,0,1,0,0,0.0,Out
1872,Bangladesh,Pakistan,5,Afif Hossain,24,20,3,0,120.0,Not Out
1872,Bangladesh,Pakistan,6,Mosaddek Hossain,5,11,0,0,45.45,Out
1872,Bangladesh,Pakistan,7,Nurul Hasan,0,3,0,0,0.0,Out
1872,Bangladesh,Pakistan,8,Taskin Ahmed,1,5,0,0,20.0,Out
1872,Bangladesh,Pakistan,9,Nasum Ahmed,7,6,1,0,116.66,Out
1872,Bangladesh,Pakistan,10,Mustafizur Rahman,0,1,0,0,0.0,Not Out
1872,Pakistan,Bangladesh,1,Mohammad Rizwan,32,32,2,1,100.0,Out
1872,Pakistan,Bangladesh,2,Babar Azam,25,33,2,0,75.75,Out
1872,Pakistan,Bangladesh,3,Mohammad Nawaz,4,11,0,0,36.36,Out
1872,Pakistan,Bangladesh,4,Mohammad Haris,31,18,1,2,172.22,Out
1872,Pakistan,Bangladesh,5,Shan Masood,24,14,2,0,171.42,Not Out
1872,Pakistan,Bangladesh,6,Iftikhar Ahmed,1,3,0,0,33.33,Out
1872,Pakistan,Bangladesh,7,Shadab Khan,0,0,0,0,0.0,Not Out
1871,Netherlands,South Africa,1,Stephan Myburgh,37,30,7,0,123.33,Out
1871,Netherlands,South Africa,2,Max O'Dowd,29,31,1,1,93.54,Out
1871,Netherlands,South Africa,3,Tom Cooper,35,19,2,2,184.21,Out
1871,Netherlands,South Africa,4,Colin Ackermann,41,26,3,2,157.69,Not Out
1871,Netherlands,South Africa,5,Bas de Leede,1,7,0,0,14.28,Out
1871,Netherlands,South Africa,6,Scott Edwards,12,7,2,0,171.42,Not Out
1871,South Africa,Netherlands,1,Quinton de Kock,13,13,1,1,100.0,Out
1871,South Africa,Netherlands,2,Temba Bavuma,20,20,2,0,100.0,Out
1871,South Africa,Netherlands,3,Rilee Rossouw,25,19,2,0,131.57,Out
1871,South Africa,Netherlands,4,Aiden Markram,17,13,2,0,130.76,Out
1871,South Africa,Netherlands,5,David Miller,17,17,1,0,100.0,Out
1871,South Africa,Netherlands,6,Heinrich Klaasen,21,18,0,1,116.66,Out
1871,South Africa,Netherlands,7,Wayne Parnell,0,2,0,0,0.0,Out
1871,South Africa,Netherlands,8,Keshav Maharaj,13,12,0,1,108.33,Out
1871,South Africa,Netherlands,9,Kagiso Rabada,9,8,0,0,112.5,Not Out
1871,South Africa,Netherlands,10,Anrich Nortje,4,1,1,0,400.0,Not Out
1867,Sri Lanka,England,1,Pathum Nissanka,67,45,2,5,148.88,Out
1867,Sri Lanka,England,2,Kusal Mendis,18,14,1,1,128.57,Out
1867,Sri Lanka,England,3,Dhananjaya de Silva,9,11,0,0,81.81,Out
1867,Sri Lanka,England,4,Charith Asalanka,8,9,0,0,88.88,Out
1867,Sri Lanka,England,5,Bhanuka Rajapaksa,22,22,3,0,100.0,Out
1867,Sri Lanka,England,6,Dasun Shanaka,3,8,0,0,37.5,Out
1867,Sri Lanka,England,7,Wanindu Hasaranga,9,9,1,0,100.0,Out
1867,Sri Lanka,England,8,Chamika Karunaratne,0,2,0,0,0.0,Out
1867,Sri Lanka,England,9,Maheesh Theekshana,0,0,0,0,0.0,Not Out
1867,England,Sri Lanka,1,Jos Buttler,28,23,2,1,121.73,Out
1867,England,Sri Lanka,2,Alex Hales,47,30,7,1,156.66,Out
1867,England,Sri Lanka,3,Ben Stokes,42,36,2,0,116.66,Not Out
1867,England,Sri Lanka,4,Harry Brook,4,5,0,0,80.0,Out
1867,England,Sri Lanka,5,Liam Livingstone,4,6,0,0,66.66,Out
1867,England,Sri Lanka,6,Moeen Ali,1,5,0,0,20.0,Out
1867,England,Sri Lanka,7,Sam Curran,6,11,0,0,54.54,Out
1867,England,Sri Lanka,8,Chris Woakes,5,3,1,0,166.66,Not Out
1864,Australia,Afghanistan,1,David Warner,25,18,5,0,138.88,Out
1864,Australia,Afghanistan,2,Cameron Green,3,2,0,0,150.0,Out
1864,Australia,Afghanistan,3,Mitchell Marsh,45,30,3,2,150.0,Out
1864,Australia,Afghanistan,4,Steven Smith,4,4,1,0,100.0,Out
1864,Australia,Afghanistan,5,Marcus Stoinis,25,21,0,2,119.04,Out
1864,Australia,Afghanistan,6,Glenn Maxwell,54,32,6,2,168.75,Not Out
1864,Australia,Afghanistan,7,Matthew Wade,6,8,1,0,75.0,Out
1864,Australia,Afghanistan,8,Pat Cummins,0,2,0,0,0.0,Out
1864,Australia,Afghanistan,9,Kane Richardson,1,1,0,0,100.0,Out
1864,Australia,Afghanistan,10,Adam Zampa,1,1,0,0,100.0,Not Out
1864,Afghanistan,Australia,1,Rahmanullah Gurbaz,30,17,2,2,176.47,Out
1864,Afghanistan,Australia,2,Usman Ghani,2,7,0,0,28.57,Out
1864,Afghanistan,Australia,3,Ibrahim Zadran,26,33,2,0,78.78,Out
1864,Afghanistan,Australia,4,Gulbadin Naib,39,23,3,2,169.56,Out
1864,Afghanistan,Australia,5,Mohammad Nabi,1,2,0,0,50.0,Out
1864,Afghanistan,Australia,6,Najibullah Zadran,0,2,0,0,0.0,Out
1864,Afghanistan,Australia,7,Darwish Rasooli,15,13,1,0,115.38,Out
1864,Afghanistan,Australia,8,Rashid Khan,48,23,3,4,208.69,Not Out
1864,Afghanistan,Australia,9,Naveen-ul-Haq,0,0,0,0,0.0,Not Out
1862,New Zealand,Ireland,1,Finn Allen,32,18,5,1,177.77,Out
1862,New Zealand,Ireland,2,Devon Conway,28,33,2,0,84.84,Out
1862,New Zealand,Ireland,3,Kane Williamson,61,35,5,3,174.28,Out
1862,New Zealand,Ireland,4,Glenn Phillips,17,9,2,1,188.88,Out
1862,New Zealand,Ireland,5,Daryl Mitchell,31,21,2,0,147.61,Not Out
1862,New Zealand,Ireland,6,James Neesham,0,1,0,0,0.0,Out
1862,New Zealand,Ireland,7,Mitchell Santner,0,1,0,0,0.0,Out
1862,New Zealand,Ireland,8,Tim Southee,1,2,0,0,50.0,Not Out
1862,Ireland,New Zealand,1,Paul Stirling,37,27,3,1,137.03,Out
1862,Ireland,New Zealand,2,Andy Balbirnie,30,25,0,3,120.0,Out
1862,Ireland,New Zealand,3,Lorcan Tucker,13,14,0,0,92.85,Out
1862,Ireland,New Zealand,4,Harry Tector,2,7,0,0,28.57,Out
1862,Ireland,New Zealand,5,Gareth Delany,10,8,2,0,125.0,Out
1862,Ireland,New Zealand,6,George Dockrell,23,15,3,0,153.33,Out
1862,Ireland,New Zealand,7,Curtis Campher,7,7,1,0,100.0,Out
1862,Ireland,New Zealand,8,Fionn Hand,5,3,1,0,166.66,Out
1862,Ireland,New Zealand,9,Mark Adair,4,5,0,0,80.0,Out
1862,Ireland,New Zealand,10,Barry McCarthy,6,5,0,0,120.0,Not Out
1862,Ireland,New Zealand,11,Josh Little,8,4,0,1,200.0,Not Out
1861,Pakistan,South Africa,1,Mohammad Rizwan,4,4,1,0,100.0,Out
1861,Pakistan,South Africa,2,Babar Azam,6,15,0,0,40.0,Out
1861,Pakistan,South Africa,3,Mohammad Haris,28,11,2,3,254.54,Out
1861,Pakistan,South Africa,4,Shan Masood,2,6,0,0,33.33,Out
1861,Pakistan,South Africa,5,Iftikhar Ahmed,51,35,3,2,145.71,Out
1861,Pakistan,South Africa,6,Mohammad Nawaz,28,22,4,1,127.27,Out
1861,Pakistan,South Africa,7,Shadab Khan,52,22,3,4,236.36,Out
1861,Pakistan,South Africa,8,Mohammad Wasim,0,1,0,0,0.0,Out
1861,Pakistan,South Africa,9,Naseem Shah,5,3,0,0,166.66,Not Out
1861,Pakistan,South Africa,10,Haris Rauf,3,2,0,0,150.0,Out
1861,South Africa,Pakistan,1,Temba Bavuma,36,19,4,1,189.47,Out
1861,South Africa,Pakistan,2,Quinton de Kock,0,5,0,0,0.0,Out
1861,South Africa,Pakistan,3,Rilee Rossouw,7,6,0,1,116.66,Out
1861,South Africa,Pakistan,4,Aiden Markram,20,14,4,0,142.85,Out
1861,South Africa,Pakistan,5,Heinrich Klaasen,15,9,3,0,166.66,Out
1861,South Africa,Pakistan,6,Tristan Stubbs,18,18,0,1,100.0,Out
1861,South Africa,Pakistan,7,Wayne Parnell,3,4,0,0,75.0,Out
1861,South Africa,Pakistan,8,Kagiso Rabada,1,2,0,0,50.0,Out
1861,South Africa,Pakistan,9,Anrich Nortje,1,5,0,0,20.0,Out
1861,South Africa,Pakistan,10,Lungi Ngidi,4,1,1,0,400.0,Not Out
1861,South Africa,Pakistan,11,Tabraiz Shamsi,1,1,0,0,100.0,Not Out
1860,India,Bangladesh,1,KL Rahul,50,32,3,4,156.25,Out
1860,India,Bangladesh,2,Rohit Sharma,2,8,0,0,25.0,Out
1860,India,Bangladesh,3,Virat Kohli,64,44,8,1,145.45,Not Out
1860,India,Bangladesh,4,Suryakumar Yadav,30,16,4,0,187.5,Out
1860,India,Bangladesh,5,Hardik Pandya,5,6,0,0,83.33,Out
1860,India,Bangladesh,6,Dinesh Karthik,7,5,1,0,140.0,Out
1860,India,Bangladesh,7,Axar Patel,7,6,1,0,116.66,Out
1860,India,Bangladesh,8,Ravichandran Ashwin,13,6,1,1,216.66,Not Out
1860,Bangladesh,India,1,Najmul Hossain Shanto,21,25,1,1,84.0,Out
1860,Bangladesh,India,2,Litton Das,60,27,7,3,222.22,Out
1860,Bangladesh,India,3,Shakib Al Hasan,13,12,2,0,108.33,Out
1860,Bangladesh,India,4,Afif Hossain,3,5,0,0,60.0,Out
1860,Bangladesh,India,5,Yasir Ali,1,3,0,0,33.33,Out
1860,Bangladesh,India,6,Nurul Hasan,25,14,2,1,178.57,Not Out
1860,Bangladesh,India,7,Mosaddek Hossain,6,3,0,1,200.0,Out
1860,Bangladesh,India,8,Taskin Ahmed,12,7,1,1,171.42,Not Out
1859,Zimbabwe,Netherlands,1,Wessly Madhevere,1,5,0,0,20.0,Out
1859,Zimbabwe,Netherlands,2,Craig Ervine,3,12,0,0,25.0,Out
1859,Zimbabwe,Netherlands,3,Regis Chakabva,5,16,1,0,31.25,Out
1859,Zimbabwe,Netherlands,4,Sean Williams,28,23,3,0,121.73,Out
1859,Zimbabwe,Netherlands,5,Sikandar Raza,40,24,3,3,166.66,Out
1859,Zimbabwe,Netherlands,6,Milton Shumba,2,3,0,0,66.66,Out
1859,Zimbabwe,Netherlands,7,Ryan Burl,2,7,0,0,28.57,Out
1859,Zimbabwe,Netherlands,8,Luke Jongwe,6,8,0,0,75.0,Out
1859,Zimbabwe,Netherlands,9,Richard Ngarava,9,7,0,1,128.57,Out
1859,Zimbabwe,Netherlands,10,Tendai Chatara,6,7,0,0,85.71,Not Out
1859,Zimbabwe,Netherlands,11,Blessing Muzarabani,1,4,0,0,25.0,Out
1859,Netherlands,Zimbabwe,1,Stephan Myburgh,8,7,0,1,114.28,Out
1859,Netherlands,Zimbabwe,2,Max O'Dowd,52,47,8,1,110.63,Out
1859,Netherlands,Zimbabwe,3,Tom Cooper,32,29,2,1,110.34,Out
1859,Netherlands,Zimbabwe,4,Colin Ackermann,1,5,0,0,20.0,Out
1859,Netherlands,Zimbabwe,5,Bas de Leede,12,12,2,0,100.0,Not Out
1859,Netherlands,Zimbabwe,6,Scott Edwards,5,6,1,0,83.33,Out
1859,Netherlands,Zimbabwe,7,Roelof van der Merwe,0,3,0,0,0.0,Not Out
1858,England,New Zealand,1,Jos Buttler,73,47,7,2,155.31,Out
1858,England,New Zealand,2,Alex Hales,52,40,7,1,130.0,Out
1858,England,New Zealand,3,Moeen Ali,5,6,0,0,83.33,Out
1858,England,New Zealand,4,Liam Livingstone,20,14,1,1,142.85,Out
1858,England,New Zealand,5,Harry Brook,7,3,0,1,233.33,Out
1858,England,New Zealand,6,Ben Stokes,8,7,0,0,114.28,Out
1858,England,New Zealand,7,Sam Curran,6,3,0,1,200.0,Not Out
1858,England,New Zealand,8,Dawid Malan,3,1,0,0,300.0,Not Out
1858,New Zealand,England,1,Finn Allen,16,11,0,1,145.45,Out
1858,New Zealand,England,2,Devon Conway,3,9,0,0,33.33,Out
1858,New Zealand,England,3,Kane Williamson,40,40,3,0,100.0,Out
1858,New Zealand,England,4,Glenn Phillips,62,36,4,3,172.22,Out
1858,New Zealand,England,5,James Neesham,6,3,1,0,200.0,Out
1858,New Zealand,England,6,Daryl Mitchell,3,5,0,0,60.0,Out
1858,New Zealand,England,7,Mitchell Santner,16,10,0,1,160.0,Not Out
1858,New Zealand,England,8,Ish Sodhi,6,6,0,0,100.0,Not Out
1856,Afghanistan,Sri Lanka,1,Rahmanullah Gurbaz,28,24,2,2,116.66,Out
1856,Afghanistan,Sri Lanka,2,Usman Ghani,27,27,2,1,100.0,Out
1856,Afghanistan,Sri Lanka,3,Ibrahim Zadran,22,18,1,1,122.22,Out
1856,Afghanistan,Sri Lanka,4,Najibullah Zadran,18,16,1,0,112.5,Out
1856,Afghanistan,Sri Lanka,5,Gulbadin Naib,12,14,0,0,85.71,Out
1856,Afghanistan,Sri Lanka,6,Mohammad Nabi,13,8,1,0,162.5,Out
1856,Afghanistan,Sri Lanka,7,Rashid Khan,9,8,1,0,112.5,Out
1856,Afghanistan,Sri Lanka,8,Azmatullah Omarzai,3,4,0,0,75.0,Not Out
1856,Afghanistan,Sri Lanka,9,Mujeeb Ur Rahman,1,2,0,0,50.0,Out
1856,Sri Lanka,Afghanistan,1,Pathum Nissanka,10,10,2,0,100.0,Out
1856,Sri Lanka,Afghanistan,2,Kusal Mendis,25,27,2,1,92.59,Out
1856,Sri Lanka,Afghanistan,3,Dhananjaya de Silva,66,42,6,2,157.14,Not Out
1856,Sri Lanka,Afghanistan,4,Charith Asalanka,19,18,1,0,105.55,Out
1856,Sri Lanka,Afghanistan,5,Bhanuka Rajapaksa,18,14,3,0,128.57,Out
1856,Sri Lanka,Afghanistan,6,Dasun Shanaka,0,0,0,0,0.0,Not Out
1855,Australia,Ireland,1,David Warner,3,7,0,0,42.85,Out
1855,Australia,Ireland,2,Aaron Finch,63,44,5,3,143.18,Out
1855,Australia,Ireland,3,Mitchell Marsh,28,22,2,2,127.27,Out
1855,Australia,Ireland,4,Glenn Maxwell,13,9,0,1,144.44,Out
1855,Australia,Ireland,5,Marcus Stoinis,35,25,3,1,140.0,Out
1855,Australia,Ireland,6,Tim David,15,10,2,0,150.0,Not Out
1855,Australia,Ireland,7,Matthew Wade,7,3,1,0,233.33,Not Out
1855,Ireland,Australia,1,Paul Stirling,11,7,1,1,157.14,Out
1855,Ireland,Australia,2,Andy Balbirnie,6,7,0,1,85.71,Out
1855,Ireland,Australia,3,Lorcan Tucker,71,48,9,1,147.91,Not Out
1855,Ireland,Australia,4,Harry Tector,6,4,1,0,150.0,Out
1855,Ireland,Australia,5,Curtis Campher,0,1,0,0,0.0,Out
1855,Ireland,Australia,6,George Dockrell,0,4,0,0,0.0,Out
1855,Ireland,Australia,7,Gareth Delany,14,10,2,0,140.0,Out
1855,Ireland,Australia,8,Mark Adair,11,11,1,0,100.0,Out
1855,Ireland,Australia,9,Fionn Hand,6,6,1,0,100.0,Out
1855,Ireland,Australia,10,Barry McCarthy,3,7,0,0,42.85,Out
1855,Ireland,Australia,11,Josh Little,1,5,0,0,20.0,Out
1853,India,South Africa,1,KL Rahul,9,14,0,1,64.28,Out
1853,India,South Africa,2,Rohit Sharma,15,14,1,1,107.14,Out
1853,India,South Africa,3,Virat Kohli,12,11,2,0,109.09,Out
1853,India,South Africa,4,Suryakumar Yadav,68,40,6,3,170.0,Out
1853,India,South Africa,5,Deepak Hooda,0,3,0,0,0.0,Out
1853,India,South Africa,6,Hardik Pandya,2,3,0,0,66.66,Out
1853,India,South Africa,7,Dinesh Karthik,6,15,0,0,40.0,Out
1853,India,South Africa,8,Ravichandran Ashwin,7,11,0,0,63.63,Out
1853,India,South Africa,9,Bhuvneshwar Kumar,4,6,0,0,66.66,Not Out
1853,India,South Africa,10,Mohammed Shami,0,2,0,0,0.0,Out
1853,India,South Africa,11,Arshdeep Singh,2,1,0,0,200.0,Not Out
1853,South Africa,India,1,Quinton de Kock,1,3,0,0,33.33,Out
1853,South Africa,India,2,Temba Bavuma,10,15,0,1,66.66,Out
1853,South Africa,India,3,Rilee Rossouw,0,2,0,0,0.0,Out
1853,South Africa,India,4,Aiden Markram,52,41,6,1,126.82,Out
1853,South Africa,India,5,David Miller,59,46,4,3,128.26,Not Out
1853,South Africa,India,6,Tristan Stubbs,6,6,1,0,100.0,Out
1853,South Africa,India,7,Wayne Parnell,2,5,0,0,40.0,Not Out
1852,Netherlands,Pakistan,1,Stephan Myburgh,6,11,1,0,54.54,Out
1852,Netherlands,Pakistan,2,Max O'Dowd,8,13,0,0,61.53,Out
1852,Netherlands,Pakistan,3,Bas de Leede,6,16,1,0,37.5,Out
1852,Netherlands,Pakistan,4,Tom Cooper,1,2,0,0,50.0,Out
1852,Netherlands,Pakistan,5,Colin Ackermann,27,27,2,0,100.0,Out
1852,Netherlands,Pakistan,6,Scott Edwards,15,20,1,0,75.0,Out
1852,Netherlands,Pakistan,7,Roelof van der Merwe,5,6,0,0,83.33,Out
1852,Netherlands,Pakistan,8,Tim Pringle,5,8,0,0,62.5,Out
1852,Netherlands,Pakistan,9,Logan van Beek,6,9,0,0,66.66,Not Out
1852,Netherlands,Pakistan,10,Fred Klaassen,0,1,0,0,0.0,Out
1852,Netherlands,Pakistan,11,Paul van Meekeren,7,7,0,0,100.0,Out
1852,Pakistan,Netherlands,1,Mohammad Rizwan,49,39,5,0,125.64,Out
1852,Pakistan,Netherlands,2,Babar Azam,4,5,1,0,80.0,Out
1852,Pakistan,Netherlands,3,Fakhar Zaman,20,16,3,0,125.0,Out
1852,Pakistan,Netherlands,4,Shan Masood,12,16,0,0,75.0,Out
1852,Pakistan,Netherlands,5,Iftikhar Ahmed,6,5,0,0,120.0,Not Out
1852,Pakistan,Netherlands,6,Shadab Khan,4,2,1,0,200.0,Not Out
1851,Bangladesh,Zimbabwe,1,Najmul Hossain Shanto,71,55,7,1,129.09,Out
1851,Bangladesh,Zimbabwe,2,Soumya Sarkar,0,2,0,0,0.0,Out
1851,Bangladesh,Zimbabwe,3,Litton Das,14,12,3,0,116.66,Out
1851,Bangladesh,Zimbabwe,4,Shakib Al Hasan,23,20,1,0,115.0,Out
1851,Bangladesh,Zimbabwe,5,Afif Hossain,29,19,1,1,152.63,Out
1851,Bangladesh,Zimbabwe,6,Mosaddek Hossain,7,10,0,0,70.0,Out
1851,Bangladesh,Zimbabwe,7,Nurul Hasan,1,1,0,0,100.0,Out
1851,Bangladesh,Zimbabwe,8,Yasir Ali,1,1,0,0,100.0,Not Out
1851,Zimbabwe,Bangladesh,1,Wessly Madhevere,4,3,1,0,133.33,Out
1851,Zimbabwe,Bangladesh,2,Craig Ervine,8,7,2,0,114.28,Out
1851,Zimbabwe,Bangladesh,3,Milton Shumba,8,15,1,0,53.33,Out
1851,Zimbabwe,Bangladesh,4,Sean Williams,64,42,8,0,152.38,Out
1851,Zimbabwe,Bangladesh,5,Sikandar Raza,0,3,0,0,0.0,Out
1851,Zimbabwe,Bangladesh,6,Regis Chakabva,15,19,0,0,78.94,Out
1851,Zimbabwe,Bangladesh,7,Ryan Burl,27,25,2,1,108.0,Not Out
1851,Zimbabwe,Bangladesh,8,Brad Evans,2,2,0,0,100.0,Out
1851,Zimbabwe,Bangladesh,9,Richard Ngarava,6,3,0,1,200.0,Out
1851,Zimbabwe,Bangladesh,10,Blessing Muzarabani,0,2,0,0,0.0,Not Out
1850,New Zealand,Sri Lanka,1,Finn Allen,1,3,0,0,33.33,Out
1850,New Zealand,Sri Lanka,2,Devon Conway,1,4,0,0,25.0,Out
1850,New Zealand,Sri Lanka,3,Kane Williamson,8,13,1,0,61.53,Out
1850,New Zealand,Sri Lanka,4,Glenn Phillips,104,64,10,4,162.5,Out
1850,New Zealand,Sri Lanka,5,Daryl Mitchell,22,24,0,0,91.66,Out
1850,New Zealand,Sri Lanka,6,James Neesham,5,8,0,0,62.5,Out
1850,New Zealand,Sri Lanka,7,Mitchell Santner,11,5,0,1,220.0,Not Out
1850,New Zealand,Sri Lanka,8,Ish Sodhi,1,1,0,0,100.0,Out
1850,New Zealand,Sri Lanka,9,Tim Southee,4,1,1,0,400.0,Not Out
1850,Sri Lanka,New Zealand,1,Pathum Nissanka,0,5,0,0,0.0,Out
1850,Sri Lanka,New Zealand,2,Kusal Mendis,4,3,1,0,133.33,Out
1850,Sri Lanka,New Zealand,3,Dhananjaya de Silva,0,3,0,0,0.0,Out
1850,Sri Lanka,New Zealand,4,Charith Asalanka,4,8,0,0,50.0,Out
1850,Sri Lanka,New Zealand,5,Bhanuka Rajapaksa,34,22,3,2,154.54,Out
1850,Sri Lanka,New Zealand,6,Chamika Karunaratne,3,8,0,0,37.5,Out
1850,Sri Lanka,New Zealand,7,Dasun Shanaka,35,32,4,1,109.37,Out
1850,Sri Lanka,New Zealand,8,Wanindu Hasaranga,4,6,1,0,66.66,Out
1850,Sri Lanka,New Zealand,9,Maheesh Theekshana,0,3,0,0,0.0,Out
1850,Sri Lanka,New Zealand,10,Kasun Rajitha,8,21,0,0,38.09,Not Out
1850,Sri Lanka,New Zealand,11,Lahiru Kumara,4,5,1,0,80.0,Out
1849,Zimbabwe,Pakistan,1,Wessly Madhevere,17,13,3,0,130.76,Out
1849,Zimbabwe,Pakistan,2,Craig Ervine,19,19,2,0,100.0,Out
1849,Zimbabwe,Pakistan,3,Milton Shumba,8,10,1,0,80.0,Out
1849,Zimbabwe,Pakistan,4,Sean Williams,31,28,3,0,110.71,Out
1849,Zimbabwe,Pakistan,5,Sikandar Raza,9,16,1,0,56.25,Out
1849,Zimbabwe,Pakistan,6,Regis Chakabva,0,1,0,0,0.0,Out
1849,Zimbabwe,Pakistan,7,Ryan Burl,10,15,0,0,66.66,Not Out
1849,Zimbabwe,Pakistan,8,Luke Jongwe,0,1,0,0,0.0,Out
1849,Zimbabwe,Pakistan,9,Brad Evans,19,15,0,1,126.66,Out
1849,Zimbabwe,Pakistan,10,Richard Ngarava,3,2,0,0,150.0,Not Out
1849,Pakistan,Zimbabwe,1,Mohammad Rizwan,14,16,1,1,87.5,Out
1849,Pakistan,Zimbabwe,2,Babar Azam,4,9,1,0,44.44,Out
1849,Pakistan,Zimbabwe,3,Shan Masood,44,38,3,0,115.78,Out
1849,Pakistan,Zimbabwe,4,Iftikhar Ahmed,5,10,1,0,50.0,Out
1849,Pakistan,Zimbabwe,5,Shadab Khan,17,14,0,1,121.42,Out
1849,Pakistan,Zimbabwe,6,Haider Ali,0,1,0,0,0.0,Out
1849,Pakistan,Zimbabwe,7,Mohammad Nawaz,22,18,1,1,122.22,Out
1849,Pakistan,Zimbabwe,8,Mohammad Wasim,12,13,2,0,92.3,Not Out
1849,Pakistan,Zimbabwe,9,Shaheen Shah Afridi,1,1,0,0,100.0,Out
1848,India,Netherlands,1,KL Rahul,9,12,1,0,75.0,Out
1848,India,Netherlands,2,Rohit Sharma,53,39,4,3,135.89,Out
1848,India,Netherlands,3,Virat Kohli,62,44,3,2,140.9,Not Out
1848,India,Netherlands,4,Suryakumar Yadav,51,25,7,1,204.0,Not Out
1848,Netherlands,India,1,Vikramjit Singh,1,9,0,0,11.11,Out
1848,Netherlands,India,2,Max O'Dowd,16,10,3,0,160.0,Out
1848,Netherlands,India,3,Bas de Leede,16,23,0,0,69.56,Out
1848,Netherlands,India,4,Colin Ackermann,17,21,1,0,80.95,Out
1848,Netherlands,India,5,Tom Cooper,9,12,0,0,75.0,Out
1848,Netherlands,India,6,Scott Edwards,5,8,0,0,62.5,Out
1848,Netherlands,India,7,Tim Pringle,20,15,1,1,133.33,Out
1848,Netherlands,India,8,Logan van Beek,3,5,0,0,60.0,Out
1848,Netherlands,India,9,Shariz Ahmad,16,11,2,0,145.45,Not Out
1848,Netherlands,India,10,Fred Klaassen,0,1,0,0,0.0,Out
1848,Netherlands,India,11,Paul van Meekeren,14,6,3,0,233.33,Not Out
1847,South Africa,Bangladesh,1,Temba Bavuma,2,6,0,0,33.33,Out
1847,South Africa,Bangladesh,2,Quinton de Kock,63,38,7,3,165.78,Out
1847,South Africa,Bangladesh,3,Rilee Rossouw,109,56,7,8,194.64,Out
1847,South Africa,Bangladesh,4,Tristan Stubbs,7,7,1,0,100.0,Out
1847,South Africa,Bangladesh,5,Aiden Markram,10,11,1,0,90.9,Out
1847,South Africa,Bangladesh,6,David Miller,2,4,0,0,50.0,Not Out
1847,South Africa,Bangladesh,7,Wayne Parnell,0,2,0,0,0.0,Not Out
1847,Bangladesh,South Africa,1,Najmul Hossain Shanto,9,9,1,0,100.0,Out
1847,Bangladesh,South Africa,2,Soumya Sarkar,15,6,0,2,250.0,Out
1847,Bangladesh,South Africa,3,Litton Das,34,31,1,1,109.67,Out
1847,Bangladesh,South Africa,4,Shakib Al Hasan,1,4,0,0,25.0,Out
1847,Bangladesh,South Africa,5,Afif Hossain,1,5,0,0,20.0,Out
1847,Bangladesh,South Africa,6,Mehidy Hasan Miraz,11,13,0,0,84.61,Out
1847,Bangladesh,South Africa,7,Mosaddek Hossain,0,3,0,0,0.0,Out
1847,Bangladesh,South Africa,8,Nurul Hasan,2,6,0,0,33.33,Out
1847,Bangladesh,South Africa,9,Taskin Ahmed,10,17,1,0,58.82,Out
1847,Bangladesh,South Africa,10,Hasan Mahmud,0,2,0,0,0.0,Out
1847,Bangladesh,South Africa,11,Mustafizur Rahman,9,3,0,1,300.0,Not Out
1846,Ireland,England,1,Paul Stirling,14,8,1,1,175.0,Out
1846,Ireland,England,2,Andy Balbirnie,62,47,5,2,131.91,Out
1846,Ireland,England,3,Lorcan Tucker,34,27,3,1,125.92,Out
1846,Ireland,England,4,Harry Tector,0,2,0,0,0.0,Out
1846,Ireland,England,5,Curtis Campher,18,11,3,0,163.63,Out
1846,Ireland,England,6,George Dockrell,0,1,0,0,0.0,Out
1846,Ireland,England,7,Gareth Delany,12,10,1,0,120.0,Not Out
1846,Ireland,England,8,Mark Adair,4,4,0,0,100.0,Out
1846,Ireland,England,9,Barry McCarthy,3,3,0,0,100.0,Out
1846,Ireland,England,10,Fionn Hand,1,2,0,0,50.0,Out
1846,Ireland,England,11,Josh Little,0,1,0,0,0.0,Out
1846,England,Ireland,1,Jos Buttler,0,2,0,0,0.0,Out
1846,England,Ireland,2,Alex Hales,7,5,1,0,140.0,Out
1846,England,Ireland,3,Dawid Malan,35,37,2,0,94.59,Out
1846,England,Ireland,4,Ben Stokes,6,8,0,0,75.0,Out
1846,England,Ireland,5,Harry Brook,18,21,1,0,85.71,Out
1846,England,Ireland,6,Moeen Ali,24,12,3,1,200.0,Not Out
1846,England,Ireland,7,Liam Livingstone,1,2,0,0,50.0,Not Out
1845,Sri Lanka,Australia,1,Pathum Nissanka,40,45,2,0,88.88,Out
1845,Sri Lanka,Australia,2,Kusal Mendis,5,6,1,0,83.33,Out
1845,Sri Lanka,Australia,3,Dhananjaya de Silva,26,23,3,0,113.04,Out
1845,Sri Lanka,Australia,4,Charith Asalanka,38,25,3,2,152.0,Not Out
1845,Sri Lanka,Australia,5,Bhanuka Rajapaksa,7,5,1,0,140.0,Out
1845,Sri Lanka,Australia,6,Dasun Shanaka,3,5,0,0,60.0,Out
1845,Sri Lanka,Australia,7,Wanindu Hasaranga,1,4,0,0,25.0,Out
1845,Sri Lanka,Australia,8,Chamika Karunaratne,14,7,2,0,200.0,Not Out
1845,Australia,Sri Lanka,1,David Warner,11,10,0,0,110.0,Out
1845,Australia,Sri Lanka,2,Aaron Finch,31,42,0,1,73.8,Not Out
1845,Australia,Sri Lanka,3,Mitchell Marsh,17,17,1,1,100.0,Out
1845,Australia,Sri Lanka,4,Glenn Maxwell,23,12,2,2,191.66,Out
1845,Australia,Sri Lanka,5,Marcus Stoinis,59,18,4,6,327.77,Not Out
1844,Zimbabwe,South Africa,1,Regis Chakabva,8,8,0,1,100.0,Out
1844,Zimbabwe,South Africa,2,Craig Ervine,2,6,0,0,33.33,Out
1844,Zimbabwe,South Africa,3,Sean Williams,1,1,0,0,100.0,Out
1844,Zimbabwe,South Africa,4,Sikandar Raza,0,2,0,0,0.0,Out
1844,Zimbabwe,South Africa,5,Wessly Madhevere,35,18,4,1,194.44,Not Out
1844,Zimbabwe,South Africa,6,Milton Shumba,18,20,2,0,90.0,Out
1844,South Africa,Zimbabwe,1,Quinton de Kock,47,18,8,1,261.11,Not Out
1844,South Africa,Zimbabwe,2,Temba Bavuma,2,2,0,0,100.0,Not Out
1843,Bangladesh,Netherlands,1,Najmul Hossain Shanto,25,20,4,0,125.0,Out
1843,Bangladesh,Netherlands,2,Soumya Sarkar,14,14,2,0,100.0,Out
1843,Bangladesh,Netherlands,3,Litton Das,9,11,0,0,81.81,Out
1843,Bangladesh,Netherlands,4,Shakib Al Hasan,7,9,0,0,77.77,Out
1843,Bangladesh,Netherlands,5,Afif Hossain,38,27,2,2,140.74,Out
1843,Bangladesh,Netherlands,6,Yasir Ali,3,5,0,0,60.0,Out
1843,Bangladesh,Netherlands,7,Nurul Hasan,13,18,0,0,72.22,Out
1843,Bangladesh,Netherlands,8,Mosaddek Hossain,20,12,2,1,166.66,Not Out
1843,Bangladesh,Netherlands,9,Taskin Ahmed,0,1,0,0,0.0,Out
1843,Bangladesh,Netherlands,10,Hasan Mahmud,0,3,0,0,0.0,Not Out
1843,Netherlands,Bangladesh,1,Vikramjit Singh,0,1,0,0,0.0,Out
1843,Netherlands,Bangladesh,2,Max O'Dowd,8,8,0,1,100.0,Out
1843,Netherlands,Bangladesh,3,Bas de Leede,0,1,0,0,0.0,Out
1843,Netherlands,Bangladesh,4,Colin Ackermann,62,48,6,2,129.16,Out
1843,Netherlands,Bangladesh,5,Tom Cooper,0,0,0,0,0.0,Out
1843,Netherlands,Bangladesh,6,Scott Edwards,16,24,1,0,66.66,Out
1843,Netherlands,Bangladesh,7,Tim Pringle,1,6,0,0,16.66,Out
1843,Netherlands,Bangladesh,8,Logan van Beek,2,5,0,0,40.0,Out
1843,Netherlands,Bangladesh,9,Shariz Ahmad,9,8,1,0,112.5,Out
1843,Netherlands,Bangladesh,10,Fred Klaassen,7,6,0,0,116.66,Not Out
1843,Netherlands,Bangladesh,11,Paul van Meekeren,24,14,3,1,171.42,Out
1842,Pakistan,India,1,Mohammad Rizwan,4,12,1,0,33.33,Out
1842,Pakistan,India,2,Babar Azam,0,1,0,0,0.0,Out
1842,Pakistan,India,3,Shan Masood,52,42,5,0,123.8,Not Out
1842,Pakistan,India,4,Iftikhar Ahmed,51,34,2,4,150.0,Out
1842,Pakistan,India,5,Shadab Khan,5,6,1,0,83.33,Out
1842,Pakistan,India,6,Haider Ali,2,4,0,0,50.0,Out
1842,Pakistan,India,7,Mohammad Nawaz,9,6,2,0,150.0,Out
1842,Pakistan,India,8,Asif Ali,2,3,0,0,66.66,Out
1842,Pakistan,India,9,Shaheen Shah Afridi,16,8,1,1,200.0,Out
1842,Pakistan,India,10,Haris Rauf,6,4,0,1,150.0,Not Out
1842,India,Pakistan,1,KL Rahul,4,8,0,0,50.0,Out
1842,India,Pakistan,2,Rohit Sharma,4,7,0,0,57.14,Out
1842,India,Pakistan,3,Virat Kohli,82,53,6,4,154.71,Not Out
1842,India,Pakistan,4,Suryakumar Yadav,15,10,2,0,150.0,Out
1842,India,Pakistan,5,Axar Patel,2,3,0,0,66.66,Out
1842,India,Pakistan,6,Hardik Pandya,40,37,1,2,108.1,Out
1842,India,Pakistan,7,Dinesh Karthik,1,2,0,0,50.0,Out
1842,India,Pakistan,8,Ravichandran Ashwin,1,1,0,0,100.0,Not Out
1841,Ireland,Sri Lanka,1,Paul Stirling,34,25,4,1,136.0,Out
1841,Ireland,Sri Lanka,2,Andy Balbirnie,1,5,0,0,20.0,Out
1841,Ireland,Sri Lanka,3,Lorcan Tucker,10,11,1,0,90.9,Out
1841,Ireland,Sri Lanka,4,Harry Tector,45,42,2,1,107.14,Out
1841,Ireland,Sri Lanka,5,Curtis Campher,2,4,0,0,50.0,Out
1841,Ireland,Sri Lanka,6,George Dockrell,14,16,0,0,87.5,Out
1841,Ireland,Sri Lanka,7,Gareth Delany,9,6,1,0,150.0,Out
1841,Ireland,Sri Lanka,8,Mark Adair,0,1,0,0,0.0,Out
1841,Ireland,Sri Lanka,9,Simi Singh,7,8,1,0,87.5,Not Out
1841,Ireland,Sri Lanka,10,Barry McCarthy,2,2,0,0,100.0,Not Out
1841,Sri Lanka,Ireland,1,Kusal Mendis,68,43,5,3,158.13,Not Out
1841,Sri Lanka,Ireland,2,Dhananjaya de Silva,31,25,2,1,124.0,Out
1841,Sri Lanka,Ireland,3,Charith Asalanka,31,22,2,0,140.9,Not Out
1840,Afghanistan,England,1,Hazratullah Zazai,7,17,1,0,41.17,Out
1840,Afghanistan,England,2,Rahmanullah Gurbaz,10,9,0,1,111.11,Out
1840,Afghanistan,England,3,Ibrahim Zadran,32,32,3,1,100.0,Out
1840,Afghanistan,England,4,Usman Ghani,30,30,3,0,100.0,Out
1840,Afghanistan,England,5,Najibullah Zadran,13,11,0,1,118.18,Out
1840,Afghanistan,England,6,Mohammad Nabi,3,5,0,0,60.0,Out
1840,Afghanistan,England,7,Azmatullah Omarzai,8,6,1,0,133.33,Out
1840,Afghanistan,England,8,Rashid Khan,0,1,0,0,0.0,Out
1840,Afghanistan,England,9,Mujeeb Ur Rahman,0,1,0,0,0.0,Out
1840,Afghanistan,England,10,Fareed Ahmad,2,4,0,0,50.0,Not Out
1840,Afghanistan,England,11,Fazalhaq Farooqi,0,2,0,0,0.0,Out
1840,England,Afghanistan,1,Jos Buttler,18,18,3,0,100.0,Out
1840,England,Afghanistan,2,Alex Hales,19,20,0,1,95.0,Out
1840,England,Afghanistan,3,Dawid Malan,18,30,0,0,60.0,Out
1840,England,Afghanistan,4,Ben Stokes,2,4,0,0,50.0,Out
1840,England,Afghanistan,5,Liam Livingstone,29,21,3,0,138.09,Not Out
1840,England,Afghanistan,6,Harry Brook,7,6,0,0,116.66,Out
1840,England,Afghanistan,7,Moeen Ali,8,10,0,0,80.0,Not Out
1839,New Zealand,Australia,1,Finn Allen,42,16,5,3,262.5,Out
1839,New Zealand,Australia,2,Devon Conway,92,58,7,2,158.62,Not Out
1839,New Zealand,Australia,3,Kane Williamson,23,23,1,1,100.0,Out
1839,New Zealand,Australia,4,Glenn Phillips,12,10,2,0,120.0,Out
1839,New Zealand,Australia,5,James Neesham,26,13,0,2,200.0,Not Out
1839,Australia,New Zealand,1,David Warner,5,6,1,0,83.33,Out
1839,Australia,New Zealand,2,Aaron Finch,13,11,1,1,118.18,Out
1839,Australia,New Zealand,3,Mitchell Marsh,16,12,2,1,133.33,Out
1839,Australia,New Zealand,4,Glenn Maxwell,28,20,3,1,140.0,Out
1839,Australia,New Zealand,5,Marcus Stoinis,7,14,0,0,50.0,Out
1839,Australia,New Zealand,6,Tim David,11,8,0,1,137.5,Out
1839,Australia,New Zealand,7,Matthew Wade,2,4,0,0,50.0,Out
1839,Australia,New Zealand,8,Pat Cummins,21,18,2,1,116.66,Out
1839,Australia,New Zealand,9,Mitchell Starc,4,7,0,0,57.14,Out
1839,Australia,New Zealand,10,Adam Zampa,0,2,0,0,0.0,Out
1839,Australia,New Zealand,11,Josh Hazlewood,1,1,0,0,100.0,Not Out
1838,Scotland,Zimbabwe,1,George Munsey,54,51,7,0,105.88,Out
1838,Scotland,Zimbabwe,2,Michael Jones,4,5,1,0,80.0,Out
1838,Scotland,Zimbabwe,3,Matthew Cross,1,7,0,0,14.28,Out
1838,Scotland,Zimbabwe,4,Richie Berrington,13,15,0,0,86.66,Out
1838,Scotland,Zimbabwe,5,Calum MacLeod,25,26,1,0,96.15,Out
1838,Scotland,Zimbabwe,6,Michael Leask,12,9,2,0,133.33,Out
1838,Scotland,Zimbabwe,7,Chris Greaves,3,7,0,0,42.85,Not Out
1838,Scotland,Zimbabwe,8,Josh Davey,4,3,0,0,133.33,Not Out
1838,Zimbabwe,Scotland,1,Regis Chakabva,4,3,1,0,133.33,Out
1838,Zimbabwe,Scotland,2,Craig Ervine,58,54,6,0,107.4,Out
1838,Zimbabwe,Scotland,3,Wessly Madhevere,0,5,0,0,0.0,Out
1838,Zimbabwe,Scotland,4,Sean Williams,7,12,0,0,58.33,Out
1838,Zimbabwe,Scotland,5,Sikandar Raza,40,23,3,2,173.91,Out
1838,Zimbabwe,Scotland,6,Milton Shumba,11,11,0,0,100.0,Not Out
1838,Zimbabwe,Scotland,7,Ryan Burl,9,5,1,0,180.0,Not Out
1837,West Indies,Ireland,1,Kyle Mayers,1,5,0,0,20.0,Out
1837,West Indies,Ireland,2,Johnson Charles,24,18,3,1,133.33,Out
1837,West Indies,Ireland,3,Evin Lewis,13,18,0,0,72.22,Out
1837,West Indies,Ireland,4,Brandon King,62,48,6,1,129.16,Not Out
1837,West Indies,Ireland,5,Nicholas Pooran,13,11,0,1,118.18,Out
1837,West Indies,Ireland,6,Rovman Powell,6,8,1,0,75.0,Out
1837,West Indies,Ireland,7,Odean Smith,19,12,1,2,158.33,Not Out
1837,Ireland,West Indies,1,Paul Stirling,66,48,6,2,137.5,Not Out
1837,Ireland,West Indies,2,Andy Balbirnie,37,23,3,3,160.86,Out
1837,Ireland,West Indies,3,Lorcan Tucker,45,35,2,2,128.57,Not Out
1836,United Arab Emirates,Namibia,1,Muhammad Waseem,50,41,1,3,121.95,Out
1836,United Arab Emirates,Namibia,2,Vriitya Aravind,21,32,2,0,65.62,Out
1836,United Arab Emirates,Namibia,3,CP Rizwan,43,29,3,1,148.27,Not Out
1836,United Arab Emirates,Namibia,4,Alishan Sharafu,4,4,0,0,100.0,Out
1836,United Arab Emirates,Namibia,5,Basil Hameed,25,14,2,2,178.57,Not Out
1836,Namibia,United Arab Emirates,1,Michael van Lingen,10,8,1,0,125.0,Out
1836,Namibia,United Arab Emirates,2,Stephan Baard,4,6,1,0,66.66,Out
1836,Namibia,United Arab Emirates,3,Jan Nicol Loftie-Eaton,1,6,0,0,16.66,Out
1836,Namibia,United Arab Emirates,4,Gerhard Erasmus,16,18,2,0,88.88,Out
1836,Namibia,United Arab Emirates,5,Jan Frylinck,14,17,1,0,82.35,Out
1836,Namibia,United Arab Emirates,6,JJ Smit,3,3,0,0,100.0,Out
1836,Namibia,United Arab Emirates,7,David Wiese,55,36,3,3,152.77,Out
1836,Namibia,United Arab Emirates,8,Zane Green,2,3,0,0,66.66,Out
1836,Namibia,United Arab Emirates,9,Ruben Trumpelmann,25,24,1,1,104.16,Not Out
1836,Namibia,United Arab Emirates,10,Bernard Scholtz,1,1,0,0,100.0,Not Out
1835,Sri Lanka,Netherlands,1,Pathum Nissanka,14,21,0,1,66.66,Out
1835,Sri Lanka,Netherlands,2,Kusal Mendis,79,44,5,5,179.54,Out
1835,Sri Lanka,Netherlands,3,Dhananjaya de Silva,0,1,0,0,0.0,Out
1835,Sri Lanka,Netherlands,4,Charith Asalanka,31,30,3,0,103.33,Out
1835,Sri Lanka,Netherlands,5,Bhanuka Rajapaksa,19,13,2,0,146.15,Out
1835,Sri Lanka,Netherlands,6,Dasun Shanaka,8,5,0,1,160.0,Out
1835,Sri Lanka,Netherlands,7,Wanindu Hasaranga,5,4,0,0,125.0,Not Out
1835,Sri Lanka,Netherlands,8,Chamika Karunaratne,2,2,0,0,100.0,Not Out
1835,Netherlands,Sri Lanka,1,Max O'Dowd,71,53,6,3,133.96,Not Out
1835,Netherlands,Sri Lanka,2,Vikramjit Singh,7,14,0,0,50.0,Out
1835,Netherlands,Sri Lanka,3,Bas de Leede,14,10,1,1,140.0,Out
1835,Netherlands,Sri Lanka,4,Colin Ackermann,0,1,0,0,0.0,Out
1835,Netherlands,Sri Lanka,5,Tom Cooper,16,19,2,0,84.21,Out
1835,Netherlands,Sri Lanka,6,Scott Edwards,21,15,3,0,140.0,Out
1835,Netherlands,Sri Lanka,7,Tim Pringle,2,4,0,0,50.0,Out
1835,Netherlands,Sri Lanka,8,Timm van der Gugten,0,1,0,0,0.0,Out
1835,Netherlands,Sri Lanka,9,Fred Klaassen,3,3,0,0,100.0,Out
1835,Netherlands,Sri Lanka,10,Paul van Meekeren,0,0,0,0,0.0,Out
1835,Netherlands,Sri Lanka,11,Roelof van der Merwe,0,1,0,0,0.0,Not Out
1834,West Indies,Zimbabwe,1,Kyle Mayers,13,12,2,0,108.33,Out
1834,West Indies,Zimbabwe,2,Johnson Charles,45,36,3,2,125.0,Out
1834,West Indies,Zimbabwe,3,Evin Lewis,15,18,1,0,83.33,Out
1834,West Indies,Zimbabwe,4,Nicholas Pooran,7,9,0,0,77.77,Out
1834,West Indies,Zimbabwe,5,Rovman Powell,28,21,1,2,133.33,Out
1834,West Indies,Zimbabwe,6,Shamarh Brooks,0,3,0,0,0.0,Out
1834,West Indies,Zimbabwe,7,Jason Holder,4,3,0,0,133.33,Out
1834,West Indies,Zimbabwe,8,Akeal Hosein,23,18,2,0,127.77,Not Out
1834,West Indies,Zimbabwe,9,Odean Smith,1,2,0,0,50.0,Not Out
1834,Zimbabwe,West Indies,1,Wessly Madhevere,27,19,3,1,142.1,Out
1834,Zimbabwe,West Indies,2,Regis Chakabva,13,9,3,0,144.44,Out
1834,Zimbabwe,West Indies,3,Tony Munyonga,2,6,0,0,33.33,Out
1834,Zimbabwe,West Indies,4,Sean Williams,1,2,0,0,50.0,Out
1834,Zimbabwe,West Indies,5,Sikandar Raza,14,8,1,1,175.0,Out
1834,Zimbabwe,West Indies,6,Milton Shumba,2,9,0,0,22.22,Out
1834,Zimbabwe,West Indies,7,Ryan Burl,17,19,3,0,89.47,Out
1834,Zimbabwe,West Indies,8,Luke Jongwe,29,22,3,1,131.81,Out
1834,Zimbabwe,West Indies,9,Richard Ngarava,2,6,0,0,33.33,Out
1834,Zimbabwe,West Indies,10,Tendai Chatara,3,8,0,0,37.5,Out
1834,Zimbabwe,West Indies,11,Blessing Muzarabani,1,4,0,0,25.0,Not Out
1833,Scotland,Ireland,1,George Munsey,1,2,0,0,50.0,Out
1833,Scotland,Ireland,2,Michael Jones,86,55,6,4,156.36,Out
1833,Scotland,Ireland,3,Matthew Cross,28,21,5,0,133.33,Out
1833,Scotland,Ireland,4,Richie Berrington,37,27,3,1,137.03,Out
1833,Scotland,Ireland,5,Michael Leask,17,13,2,0,130.76,Not Out
1833,Scotland,Ireland,6,Calum MacLeod,0,3,0,0,0.0,Out
1833,Ireland,Scotland,1,Paul Stirling,8,10,1,0,80.0,Out
1833,Ireland,Scotland,2,Andy Balbirnie,14,12,2,0,116.66,Out
1833,Ireland,Scotland,3,Lorcan Tucker,20,17,2,0,117.64,Out
1833,Ireland,Scotland,4,Harry Tector,14,16,1,0,87.5,Out
1833,Ireland,Scotland,5,Curtis Campher,72,32,7,2,225.0,Not Out
1833,Ireland,Scotland,6,George Dockrell,39,27,4,1,144.44,Not Out
1832,Sri Lanka,United Arab Emirates,1,Pathum Nissanka,74,60,6,2,123.33,Out
1832,Sri Lanka,United Arab Emirates,2,Kusal Mendis,18,13,2,0,138.46,Out
1832,Sri Lanka,United Arab Emirates,3,Dhananjaya de Silva,33,21,3,1,157.14,Out
1832,Sri Lanka,United Arab Emirates,4,Bhanuka Rajapaksa,5,8,0,0,62.5,Out
1832,Sri Lanka,United Arab Emirates,5,Charith Asalanka,0,1,0,0,0.0,Out
1832,Sri Lanka,United Arab Emirates,6,Dasun Shanaka,0,1,0,0,0.0,Out
1832,Sri Lanka,United Arab Emirates,7,Wanindu Hasaranga,2,3,0,0,66.66,Out
1832,Sri Lanka,United Arab Emirates,8,Chamika Karunaratne,8,11,1,0,72.72,Out
1832,Sri Lanka,United Arab Emirates,9,Pramod Madushan,1,1,0,0,100.0,Not Out
1832,Sri Lanka,United Arab Emirates,10,Dushmantha Chameera,1,1,0,0,100.0,Not Out
1832,United Arab Emirates,Sri Lanka,1,Muhammad Waseem,2,4,0,0,50.0,Out
1832,United Arab Emirates,Sri Lanka,2,Chirag Suri,14,19,3,0,73.68,Out
1832,United Arab Emirates,Sri Lanka,3,Aryan Lakra,1,3,0,0,33.33,Out
1832,United Arab Emirates,Sri Lanka,4,CP Rizwan,1,3,0,0,33.33,Out
1832,United Arab Emirates,Sri Lanka,5,Vriitya Aravind,9,18,1,0,50.0,Out
1832,United Arab Emirates,Sri Lanka,6,Basil Hameed,2,6,0,0,33.33,Out
1832,United Arab Emirates,Sri Lanka,7,Aayan Afzal Khan,19,21,1,0,90.47,Out
1832,United Arab Emirates,Sri Lanka,8,Kashif Daud,0,4,0,0,0.0,Out
1832,United Arab Emirates,Sri Lanka,9,Karthik Meiyappan,4,8,0,0,50.0,Out
1832,United Arab Emirates,Sri Lanka,10,Junaid Siddique,18,16,1,1,112.5,Out
1832,United Arab Emirates,Sri Lanka,11,Zahoor Khan,1,1,0,0,100.0,Not Out
1830,Namibia,Netherlands,1,Michael van Lingen,20,19,3,0,105.26,Out
1830,Namibia,Netherlands,2,Divan la Cock,0,2,0,0,0.0,Out
1830,Namibia,Netherlands,3,Stephan Baard,19,22,0,0,86.36,Out
1830,Namibia,Netherlands,4,Jan Nicol Loftie-Eaton,0,2,0,0,0.0,Out
1830,Namibia,Netherlands,5,Jan Frylinck,43,48,1,1,89.58,Out
1830,Namibia,Netherlands,6,Gerhard Erasmus,16,18,0,0,88.88,Out
1830,Namibia,Netherlands,7,David Wiese,11,5,1,0,220.0,Not Out
1830,Namibia,Netherlands,8,JJ Smit,5,4,1,0,125.0,Not Out
1830,Netherlands,Namibia,1,Max O'Dowd,35,35,1,1,100.0,Out
1830,Netherlands,Namibia,2,Vikramjit Singh,39,31,3,2,125.8,Out
1830,Netherlands,Namibia,3,Bas de Leede,30,30,2,0,100.0,Not Out
1830,Netherlands,Namibia,4,Tom Cooper,6,6,1,0,100.0,Out
1830,Netherlands,Namibia,5,Colin Ackermann,0,2,0,0,0.0,Out
1830,Netherlands,Namibia,6,Scott Edwards,1,5,0,0,20.0,Out
1830,Netherlands,Namibia,7,Tim Pringle,8,9,0,0,88.88,Not Out
1828,Zimbabwe,Ireland,1,Regis Chakabva,0,2,0,0,0.0,Out
1828,Zimbabwe,Ireland,2,Craig Ervine,9,12,1,0,75.0,Out
1828,Zimbabwe,Ireland,3,Wessly Madhevere,22,19,4,0,115.78,Out
1828,Zimbabwe,Ireland,4,Sean Williams,12,11,0,1,109.09,Out
1828,Zimbabwe,Ireland,5,Sikandar Raza,82,48,5,5,170.83,Out
1828,Zimbabwe,Ireland,6,Milton Shumba,16,14,1,0,114.28,Out
1828,Zimbabwe,Ireland,7,Ryan Burl,1,4,0,0,25.0,Out
1828,Zimbabwe,Ireland,8,Luke Jongwe,20,10,3,0,200.0,Not Out
1828,Ireland,Zimbabwe,1,Paul Stirling,0,2,0,0,0.0,Out
1828,Ireland,Zimbabwe,2,Andy Balbirnie,3,4,0,0,75.0,Out
1828,Ireland,Zimbabwe,3,Lorcan Tucker,11,11,2,0,100.0,Out
1828,Ireland,Zimbabwe,4,Harry Tector,1,4,0,0,25.0,Out
1828,Ireland,Zimbabwe,5,Curtis Campher,27,22,1,0,122.72,Out
1828,Ireland,Zimbabwe,6,George Dockrell,24,20,3,0,120.0,Out
1828,Ireland,Zimbabwe,7,Gareth Delany,24,20,1,1,120.0,Out
1828,Ireland,Zimbabwe,8,Mark Adair,9,10,0,1,90.0,Out
1828,Ireland,Zimbabwe,9,Simi Singh,0,1,0,0,0.0,Out
1828,Ireland,Zimbabwe,10,Barry McCarthy,22,16,1,2,137.5,Not Out
1828,Ireland,Zimbabwe,11,Josh Little,7,11,1,0,63.63,Not Out
1826,Scotland,West Indies,1,George Munsey,66,53,9,0,124.52,Not Out
1826,Scotland,West Indies,2,Michael Jones,20,17,3,0,117.64,Out
1826,Scotland,West Indies,3,Matthew Cross,3,5,0,0,60.0,Out
1826,Scotland,West Indies,4,Richie Berrington,16,14,0,1,114.28,Out
1826,Scotland,West Indies,5,Calum MacLeod,23,14,4,0,164.28,Out
1826,Scotland,West Indies,6,Michael Leask,4,6,0,0,66.66,Out
1826,Scotland,West Indies,7,Chris Greaves,16,11,2,0,145.45,Not Out
1826,West Indies,Scotland,1,Kyle Mayers,20,13,3,1,153.84,Out
1826,West Indies,Scotland,2,Evin Lewis,14,13,1,1,107.69,Out
1826,West Indies,Scotland,3,Brandon King,17,15,3,0,113.33,Out
1826,West Indies,Scotland,4,Nicholas Pooran,5,9,0,0,55.55,Out
1826,West Indies,Scotland,5,Shamarh Brooks,4,9,0,0,44.44,Out
1826,West Indies,Scotland,6,Rovman Powell,5,6,0,0,83.33,Out
1826,West Indies,Scotland,7,Jason Holder,38,33,4,1,115.15,Out
1826,West Indies,Scotland,8,Akeal Hosein,1,1,0,0,100.0,Out
1826,West Indies,Scotland,9,Alzarri Joseph,0,1,0,0,0.0,Out
1826,West Indies,Scotland,10,Odean Smith,5,8,0,0,62.5,Out
1826,West Indies,Scotland,11,Obed McCoy,2,3,0,0,66.66,Not Out
1825,United Arab Emirates,Netherlands,1,Chirag Suri,12,20,1,0,60.0,Out
1825,United Arab Emirates,Netherlands,2,Muhammad Waseem,41,47,1,2,87.23,Out
1825,United Arab Emirates,Netherlands,3,Kashif Daud,15,14,0,1,107.14,Out
1825,United Arab Emirates,Netherlands,4,Vriitya Aravind,18,21,0,0,85.71,Out
1825,United Arab Emirates,Netherlands,5,Zawar Farid,2,4,0,0,50.0,Out
1825,United Arab Emirates,Netherlands,6,Basil Hameed,4,4,1,0,100.0,Out
1825,United Arab Emirates,Netherlands,7,CP Rizwan,1,2,0,0,50.0,Out
1825,United Arab Emirates,Netherlands,8,Aayan Afzal Khan,5,7,0,0,71.42,Out
1825,United Arab Emirates,Netherlands,9,Karthik Meiyappan,0,0,0,0,0.0,Not Out
1825,United Arab Emirates,Netherlands,10,Junaid Siddique,0,1,0,0,0.0,Not Out
1825,Netherlands,United Arab Emirates,1,Vikramjit Singh,10,7,2,0,142.85,Out
1825,Netherlands,United Arab Emirates,2,Max O'Dowd,23,18,3,1,127.77,Out
1825,Netherlands,United Arab Emirates,3,Bas de Leede,14,18,1,0,77.77,Out
1825,Netherlands,United Arab Emirates,4,Colin Ackermann,17,19,1,0,89.47,Out
1825,Netherlands,United Arab Emirates,5,Tom Cooper,8,16,0,0,50.0,Out
1825,Netherlands,United Arab Emirates,6,Scott Edwards,16,19,0,0,84.21,Not Out
1825,Netherlands,United Arab Emirates,7,Roelof van der Merwe,0,2,0,0,0.0,Out
1825,Netherlands,United Arab Emirates,8,Tim Pringle,15,16,0,0,93.75,Out
1825,Netherlands,United Arab Emirates,9,Logan van Beek,4,4,0,0,100.0,Not Out
1823,Namibia,Sri Lanka,1,Michael van Lingen,3,6,0,0,50.0,Out
1823,Namibia,Sri Lanka,2,Divan la Cock,9,9,1,0,100.0,Out
1823,Namibia,Sri Lanka,3,Jan Nicol Loftie-Eaton,20,12,1,2,166.66,Out
1823,Namibia,Sri Lanka,4,Stephan Baard,26,24,2,0,108.33,Out
1823,Namibia,Sri Lanka,5,Gerhard Erasmus,20,24,0,0,83.33,Out
1823,Namibia,Sri Lanka,6,Jan Frylinck,44,28,4,0,157.14,Out
1823,Namibia,Sri Lanka,7,David Wiese,0,1,0,0,0.0,Out
1823,Namibia,Sri Lanka,8,JJ Smit,31,16,2,2,193.75,Not Out
1823,Sri Lanka,Namibia,1,Pathum Nissanka,9,10,1,0,90.0,Out
1823,Sri Lanka,Namibia,2,Kusal Mendis,6,6,0,0,100.0,Out
1823,Sri Lanka,Namibia,3,Dhananjaya de Silva,12,11,1,0,109.09,Out
1823,Sri Lanka,Namibia,4,Danushka Gunathilaka,0,1,0,0,0.0,Out
1823,Sri Lanka,Namibia,5,Bhanuka Rajapaksa,20,21,2,0,95.23,Out
1823,Sri Lanka,Namibia,6,Dasun Shanaka,29,23,2,1,126.08,Out
1823,Sri Lanka,Namibia,7,Wanindu Hasaranga,4,8,0,0,50.0,Out
1823,Sri Lanka,Namibia,8,Chamika Karunaratne,5,8,0,0,62.5,Out
1823,Sri Lanka,Namibia,9,Pramod Madushan,0,0,0,0,0.0,Out
1823,Sri Lanka,Namibia,10,Dushmantha Chameera,8,15,0,0,53.33,Out
1823,Sri Lanka,Namibia,11,Maheesh Theekshana,11,11,0,1,100.0,Not Out
